C001,Kirito,password,1,c001@tortoise.com,Kirigaya Kasuto,Aincrad,,M,18,Black Swordmans
C002,SungAjin,PASSWORD,2,c002@tortoise.com,Sung Jin Woo,Korea,,M,19,Humanity's Worst Weapon
C003,Guwon,00000000,3,c003@tortoise.com,Gu Won,King the Land,,M,25,
C004,Jack,abcdefgh,4,c004@tortoise.com,Jack Dawson,Titanic,,M,27,
C005,Eric,12345678,5,c005@tortoise.com,Prince Eric,Palace,,M,19,
C006,Sebastian,passcode,6,c006@tortoise.com,Sebastian Wilder,Sebs Bar,,M,26,Jazz Pianist
C007,Kudo,Password,7,c007@tortoise.com,Shinichi Kudo,Hiroshi Agasa's Home,,M,22,Conan Kun
C008,Aladdin,PassWord,8,c008@tortoise.com,Aladdin,Carpet,,M,19,
C009,Pete,PassCode,9,c009@tortoise.com,Peter Parker,Avengers,,M,18,Spider Man
C010,Woody,Passcode,10,c010@tortoise.com,Woody Gay,Desert,,U,21,
P001,Kiddo,PASSCODE,11,p001@tortoise.com,Kid Behind Rock,Behind the Rock,,M,9,
P002,Not MJ,PASS1234,12,p002@tortoise.com,Gwen Stacy,Gwen's Home,,F,18,
P003,Jasmine,password1234,13,p003@tortoise.com,Jasmine,The Sultan's Palace,,F,19,
P004,RanMouri,0912345678,14,p004@tortoise.com,Ran Mouri,Kogoro's Office,,F,22,
P005,MiaHolly,provider,15,p005@tortoise.com,Mia Dolan,Hollywood,,F,25,
P006,Ariel,PROVIDER,16,p006@tortoise.com,Ariel,Underwater,,F,19,Little Mermaid
P007,Rose,1234pass,17,p007@tortoise.com,Rose Dewitt,Titanic,,F,26,
P008,Sarang,PASS0000,18,p008@tortoise.com,Cheon Sa Rang,King the Land,,F,23,
P009,Hunter Cha,PASS9999,19,p009@tortoise.com,Cha Hae In,Hunters Guild,,F,19,First S-Class Female Hunter
P010,Asuna,password69,20,p010@tortoise.com,Yuuki Asuna,Aincrad,,F,18,Lightning Flash
A001,Ruthless,********,99,adminruthless@tortoise.com,Ruthless of God,Heaven,,M,20,Angel Admin
